{
	"concurrencyPolicy": "Forbid",
	"cpu": 1,
	"env": {
		"EXTERNAL_LIFERAY_OAUTH2_HEADLESS_SERVER_CLIENT_ID": "@external-liferay-client-id",
		"EXTERNAL_LIFERAY_OAUTH2_HEADLESS_SERVER_CLIENT_SECRET": "@external-liferay-client-secret",
		"EXTERNAL_LIFERAY_OAUTH2_HEADLESS_SERVER_HOME_PAGE_URL": "https://myhomepage.com",
		"EXTERNAL_LIFERAY_OAUTH2_TOKEN_URI": "https://myhomepage.com/o/oauth2/token",
		"LIFERAY_ROUTES_CLIENT_EXTENSION": "/etc/liferay/lxc/ext-init-metadata",
		"LIFERAY_ROUTES_DXP": "/etc/liferay/lxc/dxp-metadata"
	},
	"environments": {
		"infra": {
			"deploy": false
		}
	},
	"id": "__PROJECT_ID__",
	"kind": "CronJob",
	"memory": 1024,
	"scale": 1,
	"schedule": "*/15 * * * *"
}