{
	"configuration": {
		"className": "com.liferay.object.admin.rest.dto.v1_0.ObjectDefinition",
		"parameters": {
			"containsHeaders": "true",
			"createStrategy": "UPSERT",
			"importStrategy": "ON_ERROR_FAIL",
			"updateStrategy": "UPDATE"
		},
		"taskItemDelegateName": "DEFAULT"
	},
	"items": [
		{
			"accountEntryRestricted": false,
			"accountEntryRestrictedObjectFieldName": "",
			"active": true,
			"dateCreated": "2023-03-02T21:43:03.776+00:00",
			"dateModified": "2023-03-03T15:48:30.576+00:00",
			"enableCategorization": true,
			"enableComments": false,
			"enableObjectEntryHistory": false,
			"externalReferenceCode": "1b437c8e-abd4-26e7-5473-2e8c68aa93e1",
			"id": 44131,
			"label": {
				"en_US": "Sample"
			},
			"name": "Sample",
			"objectActions": [
				{
					"active": true,
					"conditionExpression": "",
					"dateCreated": "2023-03-03T15:10:15.037+00:00",
					"dateModified": "2023-03-03T15:10:15.037+00:00",
					"description": "",
					"errorMessage": {
					},
					"label": {
						"en_US": "Sample Node Update 1"
					},
					"name": "SampleNodeUpdate1",
					"objectActionExecutorKey": "function#liferay-sample-etc-node-object-action-1",
					"objectActionTriggerKey": "onAfterUpdate",
					"parameters": {
					},
					"status": {
						"code": 0,
						"label": "never-ran",
						"label_i18n": "Never Ran"
					}
				},
				{
					"active": true,
					"conditionExpression": "",
					"dateCreated": "2023-03-03T15:10:15.046+00:00",
					"dateModified": "2023-03-03T15:10:15.046+00:00",
					"description": "",
					"errorMessage": {
					},
					"label": {
						"en_US": "Sample Node Update 2"
					},
					"name": "SampleNodeUpdate2",
					"objectActionExecutorKey": "function#liferay-sample-etc-node-object-action-2",
					"objectActionTriggerKey": "onAfterUpdate",
					"parameters": {
					},
					"status": {
						"code": 0,
						"label": "never-ran",
						"label_i18n": "Never Ran"
					}
				},
				{
					"active": true,
					"conditionExpression": "",
					"dateCreated": "2023-03-03T15:10:15.037+00:00",
					"dateModified": "2023-03-03T15:10:15.037+00:00",
					"description": "",
					"errorMessage": {
					},
					"label": {
						"en_US": "Sample Spring Boot Update 1"
					},
					"name": "SampleSpringBootUpdate1",
					"objectActionExecutorKey": "function#liferay-sample-etc-spring-boot-object-action-1",
					"objectActionTriggerKey": "onAfterUpdate",
					"parameters": {
					},
					"status": {
						"code": 0,
						"label": "never-ran",
						"label_i18n": "Never Ran"
					}
				},
				{
					"active": true,
					"conditionExpression": "",
					"dateCreated": "2023-03-03T15:10:15.046+00:00",
					"dateModified": "2023-03-03T15:10:15.046+00:00",
					"description": "",
					"errorMessage": {
					},
					"label": {
						"en_US": "Sample Spring Boot Update 2"
					},
					"name": "SampleSpringBootUpdate2",
					"objectActionExecutorKey": "function#liferay-sample-etc-spring-boot-object-action-2",
					"objectActionTriggerKey": "onAfterUpdate",
					"parameters": {
					},
					"status": {
						"code": 0,
						"label": "never-ran",
						"label_i18n": "Never Ran"
					}
				}
			],
			"objectFields": [
				{
					"DBType": "Date",
					"businessType": "Date",
					"defaultValue": "",
					"externalReferenceCode": "37555450-fe52-e50b-08c5-94bc3f70fe00",
					"id": 44133,
					"indexed": false,
					"indexedAsKeyword": false,
					"indexedLanguageId": "",
					"label": {
						"en_US": "Create Date"
					},
					"listTypeDefinitionId": 0,
					"name": "createDate",
					"objectFieldSettings": [
					],
					"required": false,
					"state": false,
					"system": true,
					"type": "Date"
				},
				{
					"DBType": "String",
					"businessType": "Text",
					"defaultValue": "",
					"externalReferenceCode": "30ed45d6-696c-cd6b-f5f4-ec258b42f420",
					"id": 44132,
					"indexed": false,
					"indexedAsKeyword": false,
					"indexedLanguageId": "",
					"label": {
						"en_US": "Author"
					},
					"listTypeDefinitionId": 0,
					"name": "creator",
					"objectFieldSettings": [
					],
					"required": false,
					"state": false,
					"system": true,
					"type": "String"
				},
				{
					"DBType": "String",
					"businessType": "Text",
					"defaultValue": "",
					"externalReferenceCode": "3c2281be-636e-e8bb-b3ba-1cf67227a454",
					"id": 44134,
					"indexed": false,
					"indexedAsKeyword": false,
					"indexedLanguageId": "",
					"label": {
						"en_US": "External Reference Code"
					},
					"listTypeDefinitionId": 0,
					"name": "externalReferenceCode",
					"objectFieldSettings": [
					],
					"required": false,
					"state": false,
					"system": true,
					"type": "String"
				},
				{
					"DBType": "String",
					"businessType": "Text",
					"defaultValue": "",
					"externalReferenceCode": "47356a30-ea5e-997b-6e7f-6e92247310dc",
					"id": 44138,
					"indexed": true,
					"indexedAsKeyword": false,
					"indexedLanguageId": "en_US",
					"label": {
						"en_US": "Field1"
					},
					"listTypeDefinitionId": 0,
					"name": "field1",
					"objectFieldSettings": [
						{
							"name": "showCounter",
							"value": "false"
						}
					],
					"required": true,
					"state": false,
					"system": false,
					"type": "String"
				},
				{
					"DBType": "Long",
					"businessType": "LongInteger",
					"defaultValue": "",
					"externalReferenceCode": "670b4470-f0bc-e20b-4ef3-339cde0bbfd5",
					"id": 44135,
					"indexed": true,
					"indexedAsKeyword": true,
					"indexedLanguageId": "",
					"label": {
						"en_US": "ID"
					},
					"listTypeDefinitionId": 0,
					"name": "id",
					"objectFieldSettings": [
					],
					"required": false,
					"state": false,
					"system": true,
					"type": "Long"
				},
				{
					"DBType": "Date",
					"businessType": "Date",
					"defaultValue": "",
					"externalReferenceCode": "fae687eb-4cba-cc75-398e-237e91ad4fe1",
					"id": 44136,
					"indexed": false,
					"indexedAsKeyword": false,
					"indexedLanguageId": "",
					"label": {
						"en_US": "Modified Date"
					},
					"listTypeDefinitionId": 0,
					"name": "modifiedDate",
					"objectFieldSettings": [
					],
					"required": false,
					"state": false,
					"system": true,
					"type": "Date"
				},
				{
					"DBType": "String",
					"businessType": "Text",
					"defaultValue": "",
					"externalReferenceCode": "1dcbd7a6-6f8f-6ff9-f553-9ec4a1954f97",
					"id": 44137,
					"indexed": false,
					"indexedAsKeyword": false,
					"indexedLanguageId": "",
					"label": {
						"en_US": "Status"
					},
					"listTypeDefinitionId": 0,
					"name": "status",
					"objectFieldSettings": [
					],
					"required": false,
					"state": false,
					"system": true,
					"type": "String"
				}
			],
			"objectLayouts": [
			],
			"objectRelationships": [
			],
			"objectViews": [
			],
			"panelCategoryKey": "applications_menu.applications.content",
			"parameterRequired": false,
			"pluralLabel": {
				"en_US": "Samples"
			},
			"portlet": false,
			"restContextPath": "/o/c/samples",
			"scope": "company",
			"status": {
				"code": 0,
				"label": "approved",
				"label_i18n": "Approved"
			},
			"system": false,
			"titleObjectFieldName": "id"
		}
	]
}